<?xml version="1.0" encoding="UTF-8"?>
<addon id="plugin.video.crossfitwod"
       version="0.0.2" name="Crossfit WOD" provider-name="Brian Reavey">
  <requires>
    <import addon="xbmc.python" version="3.0.1"/>
    <import addon="script.module.beautifulsoup4" version="4.12.2"/>
    <import addon="script.module.requests" version="2.31.0"/>
  </requires>
  <extension point="xbmc.python.pluginsource" library="main.py">
    <provides>video</provides>
  </extension>
  <extension point="xbmc.addon.metadata">
    <summary lang="en_GB">Crossfit WOD</summary>
    <description lang="en_GB">An app providing the daily Crossfit Workout of the Day (WOD). CURENTLY IN DEVELOPMENT.</description>
    <disclaimer lang="en_GB">Unauthorized.  Please visit Crossfit website.  https://www.crossfit.com/</disclaimer>
    <license>GPL-3.0-only	</license>
    <assets>
      <icon>resources/images/icons/crossfit_logo.jpg</icon>
      <fanart>resources/images/fanart/crossfit-wanderlust-group-class.jpg</fanart>
    </assets>
    <news>0.0.2 - Initial functionality</news>
  </extension>
</addon>