<?xml version="0.0.1" encoding="UTF-8"?>
<addon id="plugin.video.angelstudios_development"
       version="0.1.2" name="Angel Studios" provider-name="Brian Reavey, Peter Reavey">
  <requires>
    <import addon="xbmc.python" version="3.0.1"/>
    <import addon="script.module.beautifulsoup4" version="4.12.2"/>
    <import addon="script.module.requests" version="2.31.0"/>
  </requires>
  <extension point="xbmc.python.pluginsource" library="main.py">
    <provides>video</provides>
  </extension>
  <extension point="xbmc.addon.metadata">
    <summary lang="en_GB">Angel Studios</summary>
    <description lang="en_GB">An app providing the Angel Studios content. CURENTLY IN DEVELOPMENT.</description>
    <disclaimer lang="en_GB">Unauthorized.  Please visit Angel Studios Website https://www.angel.com/</disclaimer>
    <license>GPL-3.0-only	</license>
    <assets>
      <icon>resources/images/icons/Angel_Studios_Logo.png</icon>
      <fanart>resources/images/fanart/Angel_Studios_Fanart.webp</fanart>
    </assets>
    <news>0.1.2 - Session handling is working.  Some cleanup.</news>
  </extension>
</addon>