<?xml version="0.0.1" encoding="UTF-8"?>
<addon id="plugin.video.angelstudios" version="0.0.5" name="Angel Studios" provider-name="Brian and Peter Reavey">
  <requires>
    <import addon="xbmc.python" version="3.0.1"/>
    <import addon="script.module.beautifulsoup4" version="4.12.2"/>
    <import addon="script.module.requests" version="2.31.0"/>
  </requires>
  <extension point="xbmc.python.pluginsource" library="main.py">
    <provides>video</provides>
  </extension>
  <extension point="xbmc.addon.metadata">
    <summary lang="en_GB">Angel Studios</summary>
    <description lang="en_GB">An app providing the Angel Studios content. CURENTLY IN DEVELOPMENT.</description>
    <disclaimer lang="en_GB">Unathorized.  Please visit Angel Studios Website https://www.angel.com/</disclaimer>
    <license>GPL-3.0-only	</license>
    <assets>
      <icon>resources/images/icons/Angel_Studios_Logo.png</icon>
      <fanart>resources/images/icons/Angel_Studios_Fanart.webp</fanart>
      <screenshot>resources/images/posters/Screenshot_1.png</screenshot>
      <screenshot>resources/images/posters/Screenshot_2.png</screenshot>
    </assets>
    <news>Updated with latest artwork metadata</news>
  </extension>
</addon>
