<?xml version="1.0" encoding="UTF-8"?>
<addon id="repository.kodi.reavey05.com"
        name="KODI Repository @ reavey05.com"
        version="0.1.0"
        provider-name="Brian Reavey">
    <extension point="xbmc.addon.repository" name="KODI Repository @ reavey05.com">
        <info compressed="true">https://repository.kodi.reavey05.com/addons.xml.gz</info>
        <checksum>https://repository.kodi.reavey05.com/addons.xml.gz.md5</checksum>
        <datadir zip="true">https://repository.kodi.reavey05.com</datadir>
    </extension>
    <extension point="xbmc.addon.metadata">
        <summary>KODI Repository @ reavey05.com</summary>
        <description>A repository of add-ons dfeveloped for a personal Kodi system</description>
        <disclaimer></disclaimer>
        <news>0.1.0
- Working and cleaned up</news>
        <platform>all</platform>
        <language></language>
        <license>GNU GENERAL PUBLIC LICENSE, Version 3, 29 June 2007</license>
        <forum></forum>
        <website>https://repository.kodi.reavey05.com/</website>
        <source>https://github.com/brianpatrickreavey/repository.kodi.reavey05.com</source>
        <email>brian at reavey05 dot com</email>
    </extension>
</addon>